id;first_name;middle_name;last_name;email;phone;address;city;state;postal_code;country;social_media_profiles;notes
1;Yolanda;school;Abreu Olivo;"{vr!8~@%{.yt($=-";"5690447";pike pace recorder;Gerona;bubbly frighten within;"53577-2859";Países Bajos;snuffle gee;../fake-data/blob/hipster.txt
2;Benito;ah;Cisneros Orosco;"CP-@zIjH.IE;c";"+995983400158355";angrily fooey;San Sebastián;beautifully gee yum;"02447-9287";República Checa;tiny icy;../fake-data/blob/hipster.txt
3;Agustín;nor via gearshift;Olvera Vera;"goC@kX.>";"5222451852";excitedly;Arrecife;gosh mechanically lone;"73060";Uganda;mailbox;../fake-data/blob/hipster.txt
4;Daniel;tray minus snowstorm;Bañuelos Barela;"K@R_.M'.1n";"+64046375";prelude;San Sebastían de los Reyes;crook naturally yahoo;"11297-4543";Uganda;duh;../fake-data/blob/hipster.txt
5;Marcela;frogmarch ew;Escalante Carrión;"~@j)'.J#i5K";"766096541967";but;Alicante;behind;"96138-2181";Sudán;welch;../fake-data/blob/hipster.txt
6;Juana;prepone douse chocolate;Chávez Sepúlveda;"k0@Y?S.c1nl";"5537";apud;Viladecans;hence clamp;"29203";Australia;except;../fake-data/blob/hipster.txt
7;Lucas;excluding both since;Puga Solís;"6sT@Om:.:s";"3256322907";welcome;Estepona;gadzooks consequently wasting;"85186";Estonia;than the interpreter;../fake-data/blob/hipster.txt
8;Alberto;wilted above diam;Ponce Patiño;"#f>uE@&>.bW";"2605961626";tightly glum;Collado Villalba;and brilliant because;"60246";Moldavia;beside duh surprisingly;../fake-data/blob/hipster.txt
9;Gregorio;although ashtray;Flores Murillo;"Eq!2m@Yl`.NS6i";"+8253956277";try;Rubí;visitor vain yet;"93768";Austria;stepson;../fake-data/blob/hipster.txt
10;Eloisa;wise;Terrazas Covarrubias;"V;@bz:.U";"+90";generally interest;San Cristróbal de la Laguna;unlucky;"87733-5875";Luxemburgo;canoe evaporation;../fake-data/blob/hipster.txt
